{
    ">=1680x1050": {
        "window-size": [1440, 810, 676, 685],
        "title-bar": [14, 7],
        "left-top": [38, 19, 24, 23.328, 21.6, 11.34, 14.4, 12, 13, 9.504, 4.86],
        "left-mid": [22, 25, 13.77, 10.53, 417.6, 380.7, 10.08],
        "left-bot": [3.24, 23.328, 7.2, 50],
        "right-top": [13.77, 4.05, 174.96, 8.64, 16.2, 24.3, 14.4, 25.11, 8.1, 3.24],
        "right-mid": [4.32, 9.72, 6.48, 5.76, 3.24, 2.88, 18.63],
        "right-bot": [23, 78.48, 810],
        "adder-entry": [14, 13, 19.8225, 15.39, 19.777],
        "mid-entry": [[17, 26], [16, 20], [5, 29], [14, 20], 6.48],
        "settings": [72, 24, 7.29, 8.1, 19, 202.5, 2.88, 1440],
        "mid-border": [5.67, 64.08, 105.408, 20.25, 36, 10.08, 10.53],
        "src-width": [
            57.6, 93.6, 100.08, 100.08, 108, 80.64, 21.6, 57.6, 73.44, 82,
            80.64, 72, 53.28, 59.04, 40.32, 40.32, 858.24, 94.04,30.24, 80.64],
        "src-height": [
            32.4, 52.65, 72.9, 64.8, 70.47, 55.89, 20.655, 47.79, 59.13, 82,
            194.4, 162, 299.7, 59.13, 22.68, 22.68, 482.76, 52.65, 29.97, 55.89
        ]
    },
    ">=1440x900": {
        "window-size": [1200, 675, 500, 540],
        "title-bar": [12, 6],
        "left-top": [30.40002, 19.95, 19.23, 18.6624, 17.28, 9.07201, 11.52001, 11.52, 10.4, 7.6032, 3.888],
        "left-mid": [17.6, 20.0, 11.016, 8.424, 340.344, 323.59499, 8.064],
        "left-bot": [2.592005, 18.6624, 5.76001, 40.0],
        "right-top": [11.016, 3.24, 139.9682, 6.91201, 12.96, 19.44, 11.52001, 20.088, 6.48, 2.592005],
        "right-mid": [3.456004, 7.77601, 5.18401, 4.608, 2.592005, 2.304, 14.904],
        "right-bot": [18.40002, 62.78406, 810],
        "adder-entry": [14, 10.79, 19.8225, 12.31201, 19],
        "mid-entry": [[16.575, 20.15002], [15.6, 15.5], [4.875, 22.475], [13.65, 15.5], 5.18401],
        "settings": [57.6, 19.20003, 5.83201, 6.48, 15.20001, 162.0, 2.304, 1152.0],
        "mid-border": [5.67, 64.08, 99.408, 20.25, 36, 10.08, 10.53],
        "src-width": [
            46.08005, 74.88, 80.0641, 83.0664, 86.4, 64.512, 17.28,
            46.08005, 58.752, 64.5, 64.512, 57.6, 42.624, 51.9552,
            32.256, 32.256, 723.92544, 75.2321, 24.192, 64.512],
        "src-height": [
            25.92, 42.12005, 58.3201, 53.7839, 56.37605,
            44.712, 16.524, 38.232, 47.304, 64.5, 155.52, 129.6, 239.76,
            52.03445, 18.14402, 18.14402, 407.20806, 42.12005, 23.976, 44.712
        ]
    },
    "<1440x900": {
        "window-size": [1024, 576, 448, 480],
        "title-bar": [10, 5],
        "left-top": [26.58, 19, 16.7997, 16.3296, 15.12, 7.938, 10.08, 10.8, 10.4, 4.514399, 3.402],
        "left-mid": [15.3999, 17.5, 9.639, 7.3709, 297.7488, 266.48995, 7.0559],
        "left-bot": [2.268, 16.3296, 5.04, 35.0],
        "right-top": [9.639, 2.025, 85.7304, 6.048, 11.3398, 17.0098, 10.08, 17.576998, 5.6699, 2.268],
        "right-mid": [3.024, 6.804, 4.536, 4.032, 2.268, 2.016, 13.0409],
        "right-bot": [16.0998, 54.936, 810],
        "adder-entry": [14, 9.1, 19.8225, 10.773, 19],
        "mid-entry": [[16.49, 16.38], [15.52, 12.6], [4.85, 18.27], [13.58, 12.6], 4.536],
        "settings": [50.4, 16.7997, 5.103, 5.6699, 13.2999, 141.75, 2.016, 1007.99],
        "mid-border": [5.67, 50.08, 100, 11.25, 24, 10.5, 10.53],
        "src-width": [
            40.32, 65.52, 70.056, 70.056, 75.6, 56.44799,
            15.12, 40.32, 51.407994, 55, 56.44799, 50.4, 37.296, 41.327996,
            28.223997, 28.223997, 605.0591, 65.828, 21.168, 56.44799],
        "src-height": [
            22.6796, 36.855, 51.03, 45.359, 49.32899, 39.123,
            14.458499, 33.452996, 41.391, 55, 136.07998, 113.399, 209.79,
            41.391, 15.876, 15.876, 340.3458, 36.855, 20.979, 39.123
        ]
    }
}